{	
	"swe_to_eng": {
		"kina": "china",
		"sydkorea": "s. korea",
		"italien": "italy",
		"iran": "iran",
		"diamond princess": "diamond princess",
		"tyskland": "germany",
		"frankrike": "france",
		"japan": "japan",
		"spanien": "spain",
		"usa": "usa",
		"singapore": "singapore",
		"england": "uk",
		"schweitz": "switzerland",
		"hong kong": "hong kong",
		"sverige": "sweden",
		"norge": "norway",
		"nederländerna": "netherlands",
		"kuwait": "kuwait",
		"bahrain": "bahrain",
		"malaysia": "malaysia",
		"australien": "australia",
		"belgien": "belgium",
		"thailand": "thailand",
		"taiwan": "taiwan",
		"österrike": "austria",
		"canada": "canada",
		"irak": "iraq",
		"island": "iceland",
		"grekland": "greece",
		"indien": "india",
		"uae": "uae",
		"san marino": "san marino",
		"danmark": "denmark",
		"algeriet": "algeria",
		"israel": "israel",
		"libanon": "lebanon",
		"oman": "oman",
		"vietnam": "vietnam",
		"ecuador": "ecuador",
		"tjeckien": "czechia",
		"finland": "finland",
		"macao": "macao",
		"kroatien": "croatia",
		"portugal": "portugal",
		"quatar": "qatar",
		"palestina": "palestine",
		"azerbaijan": "azerbaijan",
		"belarus": "belarus",
		"irland": "ireland",
		"mexico": "mexico",
		"rumänien": "romania",
		"pakistan": "pakistan",
		"saudi arabien": "saudi arabia",
		"brasilien": "brazil",
		"georgien": "georgia",
		"ryssland": "russia",
		"senegal": "senegal",
		"filippinerna": "philippines",
		"egypten": "egypt",
		"estland": "estonia",
		"nya zeeland": "new zealand",
		"chile": "chile",
		"slovenien": "slovenia",
		"indonesien": "indonesia",
		"marocko": "morocco",
		"bosnien": "bosnia and herzegovina",
		"ungern": "hungary",
		"afghanistan": "afghanistan",
		"andorra": "andorra",
		"armenien": "armenia",
		"cambodia": "cambodia",
		"dominikanska republiken": "dominican republic",
		"jordanien": "jordan",
		"lettland": "latvia",
		"litauen": "lithuania",
		"luxembourg": "luxembourg",
		"nordmakedonien": "north macedonia",
		"monaco": "monaco",
		"nepal": "nepal",
		"nigeria": "nigeria",
		"sri lanka": "sri lanka",
		"tunisien": "tunisia",
		"ukraina": "ukraine",
		"argentina": "argentina",
		"liechtenstein": "liechtenstein",
		"polen": "poland",
		"sydafrika": "south africa"	
	},
	
	"eng_to_swe": {
		"china": "kina",
		"s. korea": "sydkorea",
		"italy": "italien",
		"iran": "iran",
		"diamond princess": "diamond princess",
		"germany": "tyskland",
		"france": "frankrike",
		"japan": "japan",
		"spain": "spanien",
		"usa": "usa",
		"singapore": "singapore",
		"uk": "england",
		"switzerland": "schweitz",
		"hong kong": "hong kong",
		"sweden": "sverige",
		"norway": "norge",
		"netherlands": "nederländerna",
		"kuwait": "kuwait",
		"bahrain": "bahrain",
		"malaysia": "malaysia",
		"australia": "australien",
		"belgium": "belgien",
		"thailand": "thailand",
		"taiwan": "taiwan",
		"austria": "österrike",
		"canada": "canada",
		"iraq": "irak",
		"iceland": "island",
		"greece": "grekland",
		"india": "indien",
		"uae": "uae",
		"san marino": "san marino",
		"denmark": "danmark",
		"algeria": "algeriet",
		"israel": "israel",
		"lebanon": "libanon",
		"oman": "oman",
		"vietnam": "vietnam",
		"ecuador": "ecuador",
		"czechia": "tjeckien",
		"finland": "finland",
		"macao": "macao",
		"croatia": "kroatien",
		"portugal": "portugal",
		"qatar": "quatar",
		"palestine": "palestina",
		"azerbaijan": "azerbaijan",
		"belarus": "belarus",
		"ireland": "irland",
		"mexico": "mexico",
		"romania": "rumänien",
		"pakistan": "pakistan",
		"saudi arabia": "saudi arabien",
		"brazil": "brasilen",
		"georgia": "georgien",
		"russia": "ryssland",
		"senegal": "senegal",
		"philippines": "filippinerna",
		"egypt": "egypten",
		"estonia": "estonia",
		"new zealand": "nya zeeland",
		"chile": "chile",
		"slovenia": "slovenien",
		"indonesia": "indonesien",
		"morocco": "marocko",
		"bosnia and herzegovina": "bosnien",
		"hungary": "ungern",
		"afghanistan": "afghanistan",
		"andorra": "andorra",
		"armenia": "armenien",
		"cambodia": "cambodia",
		"dominican republic": "dominikanska republiken",
		"jordan": "jordanien",
		"latvia": "lettland",
		"lithuania": "litauen",
		"luxembourg": "luxembourg",
		"north macedonia": "nordmakedonien",
		"monaco": "monaco",
		"nepal": "nepal",
		"nigeria": "nigeria",
		"sri lanka": "sri lanka",
		"tunisia": "tunisien",
		"ukraine": "ukraina",
		"argentina": "argentina",
		"liechtenstein": "liechtenstein",
		"poland": "polen",
		"south africa": "sydafrika"
	}
}